id,admission_number,first_name,last_name,middle_name,date_of_birth,gender,email,phone,address,class_id,status
1989,STU_TEST_17bb2c,Test,Student,,2010-01-01,male,student_test_17bb2c@example.com,,,,active
1991,STU_TEST_f72577,Test,Student,,2010-01-01,male,student_test_f72577@example.com,,,,active
1210,ADM2003,Karen,Brown,,2006-04-25,Female,,,"6593 Cedar Lane, Lakeside",238.0,active
1211,ADM2004,Sarah,Thomas,,2007-05-07,Female,,,"111 Oak Avenue, Meadowbrook",232.0,active
1212,ADM2005,Mark,Anderson,,2012-02-05,Male,,,"5630 Main St, Meadowbrook",254.0,active
1213,ADM2006,Michael,Davis,,2005-07-16,Male,,,"7235 Oak Avenue, Lakeside",255.0,active
1214,ADM2007,Joseph,Taylor,,2013-07-15,Male,,,"2351 Main St, Lakeside",226.0,active
1993,STU_TEST_af83b5,Test,Student,,2010-01-01,male,student_test_af83b5@example.com,,,,active
1216,ADM2009,Karen,Miller,,2010-04-23,Female,,,"2351 Main St, Lakeside",224.0,active
1217,ADM2010,Joshua,Brown,,2011-01-21,Male,,,"942 Oak Avenue, Lakeside",225.0,active
1218,ADM2011,Robert,Williams,,2015-11-01,Male,,,"1998 Cedar Lane, Hillcrest",227.0,active
1219,ADM2012,Michael,Gonzalez,,2010-12-29,Male,,,"9821 Oak Avenue, Riverdale",241.0,active
1220,ADM2013,James,Jones,,2007-02-06,Male,,,"942 Oak Avenue, Lakeside",232.0,active
1221,ADM2014,Karen,Martinez,,2006-04-25,Female,,,"488 Pine Street, Riverdale",237.0,active
1222,ADM2015,Robert,Williams,,2015-09-08,Male,,,"3579 Main St, Riverdale",237.0,active
1223,ADM2016,Ruth,Lopez,,2013-01-27,Female,,,"3065 Cedar Lane, Riverdale",240.0,active
1224,ADM2017,John,Martinez,,2006-04-23,Male,,,"5630 Main St, Meadowbrook",244.0,active
1226,ADM2019,Brian,Martinez,,2012-07-09,Male,,,"7684 Elm Boulevard, Forestville",244.0,active
1227,ADM2020,Sandra,Martinez,,2007-07-04,Female,,,"3181 Pine Street, Hillcrest",257.0,active
1228,ADM2021,Jennifer,Hernandez,,2015-06-26,Female,,,"1074 Main St, Lakeside",239.0,active
1229,ADM2022,Donna,Thomas,,2009-07-12,Female,,,"6402 Pine Street, Springfield",226.0,active
1230,ADM2023,Sarah,Moore,,2007-01-28,Female,,,"7274 Maple Road, Hillcrest",240.0,active
1232,ADM2025,David,Miller,,2009-04-24,Male,,,"804 Maple Road, Riverdale",246.0,active
1233,ADM2026,David,Lopez,,2015-02-09,Male,,,"2629 Main St, Meadowbrook",234.0,active
1234,ADM2027,Donald,Garcia,,2012-07-05,Male,,,"1915 Elm Boulevard, Forestville",247.0,active
1235,ADM2028,Sandra,Brown,,2009-09-16,Female,,,"7021 Cedar Lane, Hillcrest",259.0,active
1236,ADM2029,John,Williams,,2013-11-22,Male,,,"6691 Main St, Lakeside",243.0,active
1237,ADM2030,James,Lopez,,2010-01-17,Male,,,"2721 Main St, Meadowbrook",230.0,active
1238,ADM2031,William,Jackson,,2010-12-15,Male,,,"1983 Maple Road, Hillcrest",259.0,active
1239,ADM2032,Thomas,Rodriguez,,2009-06-23,Male,,,"8217 Oak Avenue, Forestville",226.0,active
1240,ADM2033,Mark,Miller,,2011-01-12,Male,,,"1805 Cedar Lane, Forestville",228.0,active
1241,ADM2034,Kenneth,Jackson,,2006-05-30,Male,,,"1858 Main St, Springfield",258.0,active
1242,ADM2035,Carol,Taylor,,2008-02-21,Female,,,"4495 Oak Avenue, Springfield",243.0,active
1243,ADM2036,Michelle,Johnson,,2006-09-13,Female,,,"306 Oak Avenue, Meadowbrook",237.0,active
1244,ADM2037,Barbara,Johnson,,2012-12-25,Female,,,"6912 Main St, Hillcrest",234.0,active
1245,ADM2038,Michael,Martin,,2013-04-23,Male,,,"6505 Pine Street, Springfield",242.0,active
1246,ADM2039,Susan,Wilson,,2015-08-15,Female,,,"4587 Pine Street, Springfield",255.0,active
1248,ADM2041,Carol,Brown,,2007-10-07,Female,,,"6207 Oak Avenue, Forestville",232.0,active
1249,ADM2042,Ruth,Miller,,2009-11-18,Female,,,"4024 Pine Street, Forestville",236.0,active
1250,ADM2043,Kevin,Miller,,2012-07-20,Male,,,"7235 Oak Avenue, Lakeside",224.0,active
1253,ADM2046,Carol,Hernandez,,2010-02-09,Female,,,"9127 Oak Avenue, Springfield",235.0,active
1254,ADM2047,John,Thomas,,2011-07-17,Male,,,"1170 Maple Road, Forestville",235.0,active
1256,ADM2049,David,Garcia,,2007-12-30,Male,,,"7223 Pine Street, Forestville",258.0,active
1257,ADM2050,Kevin,Rodriguez,,2015-10-16,Male,,,"5694 Elm Boulevard, Lakeside",226.0,active
1259,ADM2052,Betty,Taylor,,2010-03-04,Female,,,"1411 Oak Avenue, Forestville",237.0,active
1260,ADM2053,Joshua,Thomas,,2012-08-03,Male,,,"6365 Cedar Lane, Lakeside",246.0,active
1261,ADM2054,Betty,Williams,,2015-06-09,Female,,,"731 Cedar Lane, Springfield",247.0,active
1225,ADM2018,Daniel,Martinez,,2008-07-22,Male,,,"7706 Main St, Springfield",,active
1258,ADM2051,Susan,Moore,,2015-05-22,Female,,,"3677 Pine Street, Lakeside",,active
1252,ADM2045,James,Thomas,,2015-02-08,Male,,,"1178 Pine Street, Lakeside",,active
1263,ADM2056,Donald,Moore,,2009-01-17,Male,,,"103 Cedar Lane, Riverdale",242.0,active
1264,ADM2057,Daniel,Moore,,2006-02-18,Male,,,"804 Maple Road, Riverdale",229.0,active
1266,ADM2059,Joshua,Jackson,,2010-07-10,Male,,,"3131 Pine Street, Meadowbrook",227.0,active
1267,ADM2060,Joshua,Jackson,,2011-12-28,Male,,,"4495 Oak Avenue, Springfield",243.0,active
1268,ADM2061,Jessica,Taylor,,2013-05-13,Female,,,"7274 Maple Road, Hillcrest",227.0,active
1269,ADM2062,Michelle,Moore,,2014-03-29,Female,,,"5694 Elm Boulevard, Lakeside",241.0,active
1270,ADM2063,Patricia,Miller,,2015-10-11,Female,,,"3033 Maple Road, Springfield",226.0,active
1272,ADM2065,David,Martin,,2012-07-06,Male,,,"1074 Main St, Lakeside",258.0,active
1273,ADM2066,William,Taylor,,2015-05-19,Male,,,"3861 Oak Avenue, Springfield",228.0,active
1275,ADM2068,Jessica,Rodriguez,,2015-02-07,Female,,,"3452 Pine Street, Forestville",232.0,active
1276,ADM2069,Joseph,Martinez,,2010-09-04,Male,,,"1694 Oak Avenue, Riverdale",244.0,active
1277,ADM2070,Jessica,Johnson,,2015-09-28,Female,,,"7223 Pine Street, Forestville",236.0,active
1278,ADM2071,James,Smith,,2013-08-19,Male,,,"7036 Elm Boulevard, Riverdale",239.0,active
1279,ADM2072,Susan,Anderson,,2015-05-25,Female,,,"3131 Pine Street, Meadowbrook",255.0,active
1280,ADM2073,Sarah,Garcia,,2008-09-13,Female,,,"7056 Pine Street, Meadowbrook",248.0,active
1281,ADM2074,Donald,Hernandez,,2009-02-10,Male,,,"2721 Main St, Meadowbrook",246.0,active
1282,ADM2075,Robert,Garcia,,2006-08-27,Male,,,"3861 Oak Avenue, Springfield",256.0,active
1283,ADM2076,Patricia,Smith,,2011-02-18,Female,,,"7056 Pine Street, Meadowbrook",249.0,active
1284,ADM2077,Kenneth,Miller,,2012-02-02,Male,,,"308 Cedar Lane, Forestville",238.0,active
1285,ADM2078,Betty,Taylor,,2010-04-16,Female,,,"5694 Elm Boulevard, Lakeside",227.0,active
1286,ADM2079,Robert,Thomas,,2012-08-30,Male,,,"3131 Pine Street, Meadowbrook",240.0,active
1287,ADM2080,Elizabeth,Smith,,2008-01-10,Female,,,"4587 Pine Street, Springfield",235.0,active
1289,ADM2082,David,Rodriguez,,2007-07-12,Male,,,"6365 Cedar Lane, Lakeside",258.0,active
1290,ADM2083,Thomas,Johnson,,2009-07-23,Male,,,"6350 Elm Boulevard, Hillcrest",225.0,active
1291,ADM2084,Richard,Taylor,,2006-01-12,Male,,,"9805 Maple Road, Riverdale",256.0,active
1292,ADM2085,Jessica,Hernandez,,2015-01-29,Female,,,"6346 Elm Boulevard, Forestville",258.0,active
1293,ADM2086,Mark,Taylor,,2010-02-06,Male,,,"2927 Cedar Lane, Riverdale",258.0,active
1294,ADM2087,Mark,Martin,,2013-01-02,Male,,,"6350 Elm Boulevard, Hillcrest",224.0,active
1295,ADM2088,David,Lopez,,2015-10-21,Male,,,"9658 Elm Boulevard, Riverdale",248.0,active
1296,ADM2089,James,Williams,,2012-06-24,Male,,,"660 Oak Avenue, Riverdale",259.0,active
1297,ADM2090,Robert,Thomas,,2006-07-24,Male,,,"2721 Main St, Meadowbrook",233.0,active
1300,ADM2093,Karen,Johnson,,2005-10-25,Female,,,"3677 Pine Street, Lakeside",233.0,active
1301,ADM2094,Michelle,Hernandez,,2010-04-19,Female,,,"804 Maple Road, Riverdale",235.0,active
1302,ADM2095,Kenneth,Garcia,,2013-10-29,Male,,,"7223 Pine Street, Forestville",249.0,active
1303,ADM2096,Barbara,Gonzalez,,2012-11-24,Female,,,"2927 Cedar Lane, Riverdale",256.0,active
1304,ADM2097,Linda,Williams,,2007-02-21,Female,,,"3861 Oak Avenue, Springfield",229.0,active
1305,ADM2098,Christopher,Moore,,2005-12-30,Male,,,"7056 Pine Street, Meadowbrook",247.0,active
1306,ADM2099,Elizabeth,Jones,,2006-09-30,Female,,,"3452 Pine Street, Forestville",224.0,active
1307,ADM2100,John,Brown,,2009-09-10,Male,,,"804 Maple Road, Riverdale",232.0,active
1308,ADM2101,Christopher,Taylor,,2015-08-09,Male,,,"5694 Elm Boulevard, Lakeside",236.0,active
1309,ADM2102,Richard,Garcia,,2015-06-20,Male,,,"1074 Main St, Lakeside",234.0,active
1310,ADM2103,Patricia,Johnson,,2012-12-16,Female,,,"6402 Pine Street, Springfield",230.0,active
1311,ADM2104,Daniel,Williams,,2008-06-05,Male,,,"417 Pine Street, Lakeside",259.0,active
1312,ADM2105,Daniel,Rodriguez,,2005-09-11,Male,,,"2927 Cedar Lane, Riverdale",229.0,active
1314,ADM2107,Richard,Anderson,,2008-11-14,Male,,,"7706 Main St, Springfield",243.0,active
1315,ADM2108,Andrew,Martin,,2012-01-19,Male,,,"4024 Pine Street, Forestville",255.0,active
1262,ADM2055,Robert,Smith,,2006-03-13,Male,,,"2629 Main St, Meadowbrook",,active
1265,ADM2058,Nancy,Martin,,2014-01-05,Female,,,"5630 Main St, Meadowbrook",,active
1271,ADM2064,Steven,Anderson,,2007-12-01,Male,,,"942 Oak Avenue, Lakeside",,active
1298,ADM2091,Donald,Moore,,2005-08-31,Male,,,"6207 Oak Avenue, Forestville",,active
1299,ADM2092,Jessica,Thomas,,2014-06-25,Female,,,"3181 Pine Street, Hillcrest",,active
1316,ADM2109,Barbara,Brown,,2013-12-14,Female,,,"7117 Cedar Lane, Riverdale",228.0,active
1317,ADM2110,Jennifer,Miller,,2010-12-12,Female,,,"1074 Main St, Lakeside",237.0,active
1318,ADM2111,Joseph,Jackson,,2005-08-17,Male,,,"1349 Pine Street, Hillcrest",258.0,active
1319,ADM2112,Andrew,Williams,,2011-07-05,Male,,,"7274 Maple Road, Hillcrest",259.0,active
1320,ADM2113,Christopher,Miller,,2009-08-13,Male,,,"3305 Elm Boulevard, Lakeside",235.0,active
1322,ADM2115,Helen,Lopez,,2006-04-15,Female,,,"308 Cedar Lane, Forestville",259.0,active
1323,ADM2116,Elizabeth,Gonzalez,,2009-08-20,Female,,,"8433 Oak Avenue, Meadowbrook",256.0,active
1324,ADM2117,Joseph,Lopez,,2007-03-28,Male,,,"6207 Oak Avenue, Forestville",228.0,active
1325,ADM2118,Robert,Rodriguez,,2006-04-24,Male,,,"417 Pine Street, Lakeside",233.0,active
1326,ADM2119,William,Moore,,2012-03-24,Male,,,"1915 Elm Boulevard, Forestville",240.0,active
1327,ADM2120,Barbara,Hernandez,,2014-04-08,Female,,,"6365 Cedar Lane, Lakeside",238.0,active
1328,ADM2121,Linda,Brown,,2015-08-06,Female,,,"7117 Cedar Lane, Riverdale",233.0,active
1329,ADM2122,Robert,Lopez,,2007-05-18,Male,,,"6460 Cedar Lane, Springfield",258.0,active
1330,ADM2123,Robert,Wilson,,2013-10-19,Male,,,"942 Oak Avenue, Lakeside",257.0,active
1990,STU_TEST_d16b08,Test,Student,,2010-01-01,male,student_test_d16b08@example.com,,,,active
1332,ADM2125,James,Williams,,2014-05-26,Male,,,"1220 Main St, Springfield",229.0,active
1333,ADM2126,Kevin,Jackson,,2012-05-04,Male,,,"2927 Cedar Lane, Riverdale",259.0,active
1334,ADM2127,Sarah,Martin,,2012-09-19,Female,,,"4585 Elm Boulevard, Riverdale",237.0,active
1335,ADM2128,John,Gonzalez,,2005-09-13,Male,,,"6350 Elm Boulevard, Hillcrest",248.0,active
1336,ADM2129,Mark,Miller,,2006-12-26,Male,,,"2638 Main St, Lakeside",230.0,active
1337,ADM2130,Barbara,Johnson,,2009-04-12,Female,,,"488 Pine Street, Riverdale",232.0,active
1338,ADM2131,Steven,Davis,,2005-04-03,Male,,,"103 Cedar Lane, Riverdale",232.0,active
1339,ADM2132,Donald,Garcia,,2014-06-22,Male,,,"7235 Oak Avenue, Lakeside",227.0,active
1340,ADM2133,Joshua,Miller,,2013-04-20,Male,,,"1805 Cedar Lane, Forestville",231.0,active
1341,ADM2134,Joseph,Hernandez,,2009-11-22,Male,,,"6505 Pine Street, Springfield",238.0,active
1342,ADM2135,Mary,Moore,,2015-01-03,Female,,,"660 Oak Avenue, Riverdale",240.0,active
1343,ADM2136,Christopher,Brown,,2011-03-29,Male,,,"9821 Oak Avenue, Riverdale",225.0,active
1344,ADM2137,Jessica,Wilson,,2014-10-14,Female,,,"6207 Oak Avenue, Forestville",233.0,active
1345,ADM2138,John,Rodriguez,,2015-04-21,Male,,,"4024 Pine Street, Forestville",246.0,active
1346,ADM2139,Lisa,Taylor,,2009-05-01,Female,,,"804 Maple Road, Riverdale",234.0,active
1347,ADM2140,Donald,Anderson,,2014-08-15,Male,,,"1858 Main St, Springfield",237.0,active
1348,ADM2141,Kevin,Martin,,2012-08-03,Male,,,"9821 Oak Avenue, Riverdale",241.0,active
1349,ADM2142,Richard,Johnson,,2005-07-21,Male,,,"6350 Elm Boulevard, Hillcrest",238.0,active
1350,ADM2143,Christopher,Thomas,,2011-05-21,Male,,,"206 Maple Road, Forestville",225.0,active
1351,ADM2144,Joseph,Smith,,2006-03-14,Male,,,"1694 Oak Avenue, Riverdale",226.0,active
1352,ADM2145,William,Miller,,2007-09-15,Male,,,"6402 Pine Street, Springfield",224.0,active
1353,ADM2146,Christopher,Thomas,,2006-10-07,Male,,,"3877 Main St, Springfield",230.0,active
1354,ADM2147,Joshua,Smith,,2014-09-23,Male,,,"5633 Elm Boulevard, Hillcrest",256.0,active
1355,ADM2148,Elizabeth,Jackson,,2007-04-26,Female,,,"8611 Main St, Meadowbrook",238.0,active
1356,ADM2149,Karen,Thomas,,2015-11-29,Female,,,"308 Cedar Lane, Forestville",239.0,active
1357,ADM2150,William,Hernandez,,2015-08-29,Male,,,"3033 Maple Road, Springfield",247.0,active
1358,ADM2151,Michelle,Martin,,2010-12-21,Female,,,"2721 Main St, Meadowbrook",226.0,active
1359,ADM2152,Joshua,Thomas,,2005-11-23,Male,,,"9256 Main St, Lakeside",239.0,active
1361,ADM2154,James,Martinez,,2012-12-12,Male,,,"1349 Pine Street, Hillcrest",225.0,active
1362,ADM2155,Brian,Davis,,2008-10-18,Male,,,"111 Oak Avenue, Meadowbrook",243.0,active
1363,ADM2156,Jessica,Thomas,,2011-05-20,Female,,,"1858 Main St, Springfield",246.0,active
1364,ADM2157,James,Johnson,,2015-02-05,Male,,,"6691 Main St, Lakeside",227.0,active
1365,ADM2158,Christopher,Smith,,2013-04-03,Male,,,"6704 Elm Boulevard, Springfield",230.0,active
1366,ADM2159,Mark,Jones,,2014-01-12,Male,,,"6817 Pine Street, Springfield",227.0,active
1367,ADM2160,Robert,Garcia,,2008-07-22,Male,,,"4508 Main St, Lakeside",230.0,active
1368,ADM2161,James,Martinez,,2005-09-20,Male,,,"4495 Oak Avenue, Springfield",240.0,active
1369,ADM2162,Daniel,Wilson,,2010-12-14,Male,,,"804 Maple Road, Riverdale",243.0,active
1370,ADM2163,Michelle,Wilson,,2005-07-27,Female,,,"4587 Pine Street, Springfield",239.0,active
1371,ADM2164,Sarah,Jackson,,2013-04-21,Female,,,"9127 Oak Avenue, Springfield",258.0,active
1372,ADM2165,Richard,Rodriguez,,2009-05-08,Male,,,"2721 Main St, Meadowbrook",231.0,active
1373,ADM2166,Sharon,Lopez,,2013-12-31,Female,,,"6350 Elm Boulevard, Hillcrest",244.0,active
1374,ADM2167,Sandra,Anderson,,2007-09-17,Female,,,"3033 Maple Road, Springfield",235.0,active
1375,ADM2168,Donald,Lopez,,2007-06-17,Male,,,"9821 Oak Avenue, Riverdale",242.0,active
1376,ADM2169,Nancy,Taylor,,2010-07-01,Female,,,"3131 Pine Street, Meadowbrook",224.0,active
1377,ADM2170,Lisa,Miller,,2015-09-14,Female,,,"6207 Oak Avenue, Forestville",230.0,active
1378,ADM2171,Betty,Moore,,2006-07-11,Female,,,"7706 Main St, Springfield",254.0,active
1379,ADM2172,Brian,Williams,,2013-04-11,Male,,,"540 Elm Boulevard, Forestville",230.0,active
1380,ADM2173,Kenneth,Garcia,,2009-07-09,Male,,,"6365 Cedar Lane, Lakeside",229.0,active
1381,ADM2174,Michael,Moore,,2011-12-31,Male,,,"1915 Elm Boulevard, Forestville",245.0,active
1382,ADM2175,Mark,Johnson,,2011-08-02,Male,,,"8433 Oak Avenue, Meadowbrook",247.0,active
1384,ADM2177,Paul,Miller,,2011-04-11,Male,,,"308 Cedar Lane, Forestville",259.0,active
1385,ADM2178,Donna,Miller,,2009-01-04,Female,,,"4028 Main St, Lakeside",225.0,active
1386,ADM2179,Andrew,Rodriguez,,2011-02-08,Male,,,"1268 Main St, Riverdale",259.0,active
1387,ADM2180,Linda,Martin,,2014-12-14,Female,,,"5694 Elm Boulevard, Lakeside",242.0,active
1388,ADM2181,Donald,Miller,,2008-08-01,Male,,,"5630 Main St, Meadowbrook",244.0,active
1389,ADM2182,Patricia,Martin,,2008-12-24,Female,,,"3803 Oak Avenue, Hillcrest",230.0,active
1390,ADM2183,Karen,Lopez,,2005-12-13,Female,,,"4028 Main St, Lakeside",231.0,active
1391,ADM2184,Betty,Gonzalez,,2005-04-18,Female,,,"540 Elm Boulevard, Forestville",233.0,active
1392,ADM2185,Andrew,Gonzalez,,2015-03-18,Male,,,"6207 Oak Avenue, Forestville",258.0,active
1393,ADM2186,Brian,Taylor,,2011-04-14,Male,,,"6912 Main St, Hillcrest",249.0,active
1394,ADM2187,Kenneth,Davis,,2006-06-15,Male,,,"1805 Cedar Lane, Forestville",248.0,active
1395,ADM2188,Donald,Thomas,,2009-10-26,Male,,,"7235 Oak Avenue, Lakeside",237.0,active
1397,ADM2190,Donna,Smith,,2006-09-02,Female,,,"6402 Pine Street, Springfield",228.0,active
1398,ADM2191,Kenneth,Johnson,,2015-10-30,Male,,,"308 Cedar Lane, Forestville",239.0,active
1399,ADM2192,Elizabeth,Jackson,,2011-07-01,Female,,,"7190 Cedar Lane, Forestville",259.0,active
1400,ADM2193,Kenneth,Jackson,,2005-09-23,Male,,,"306 Oak Avenue, Meadowbrook",234.0,active
1401,ADM2194,Nancy,Hernandez,,2012-11-20,Female,,,"1998 Cedar Lane, Hillcrest",232.0,active
1403,ADM2196,Brian,Jackson,,2011-06-20,Male,,,"8611 Main St, Meadowbrook",232.0,active
1404,ADM2197,Christopher,Hernandez,,2009-12-01,Male,,,"6350 Elm Boulevard, Hillcrest",224.0,active
1405,ADM2198,Jessica,Garcia,,2007-07-19,Female,,,"6912 Main St, Hillcrest",229.0,active
1406,ADM2199,Elizabeth,Smith,,2011-10-07,Female,,,"111 Oak Avenue, Meadowbrook",237.0,active
1407,ADM2200,Sarah,Rodriguez,,2009-07-26,Female,,,"6913 Oak Avenue, Riverdale",230.0,active
1408,ADM2201,Carol,Lopez,,2015-10-13,Female,,,"8659 Oak Avenue, Springfield",255.0,active
1409,ADM2202,Nancy,Brown,,2014-07-31,Female,,,"2638 Main St, Lakeside",254.0,active
1410,ADM2203,Robert,Anderson,,2005-02-17,Male,,,"1349 Pine Street, Hillcrest",227.0,active
1411,ADM2204,Jennifer,Jackson,,2012-03-30,Female,,,"9821 Oak Avenue, Riverdale",257.0,active
1412,ADM2205,Sarah,Williams,,2010-05-13,Female,,,"1858 Main St, Springfield",242.0,active
1413,ADM2206,Barbara,Jackson,,2012-09-29,Female,,,"4508 Main St, Lakeside",259.0,active
1414,ADM2207,Karen,Johnson,,2005-10-02,Female,,,"4587 Pine Street, Springfield",256.0,active
1415,ADM2208,Robert,Johnson,,2012-09-15,Male,,,"417 Pine Street, Lakeside",235.0,active
1416,ADM2209,Thomas,Thomas,,2011-07-22,Male,,,"2721 Main St, Meadowbrook",248.0,active
1417,ADM2210,Sharon,Garcia,,2009-02-02,Female,,,"4024 Pine Street, Forestville",238.0,active
1418,ADM2211,Elizabeth,Taylor,,2005-03-04,Female,,,"111 Oak Avenue, Meadowbrook",248.0,active
1419,ADM2212,Joseph,Martinez,,2011-08-01,Male,,,"3033 Maple Road, Springfield",256.0,active
1420,ADM2213,Andrew,Brown,,2014-02-25,Male,,,"6460 Cedar Lane, Springfield",257.0,active
1421,ADM2214,Thomas,Gonzalez,,2011-05-17,Male,,,"5657 Main St, Riverdale",250.0,active
1422,ADM2215,Kenneth,Wilson,,2010-11-01,Male,,,"3305 Elm Boulevard, Lakeside",237.0,active
1423,ADM2216,Robert,Martinez,,2006-05-06,Male,,,"3803 Oak Avenue, Hillcrest",235.0,active
1396,ADM2189,William,Garcia,,2007-10-18,Male,,,"2351 Main St, Lakeside",,active
1425,ADM2218,Helen,Gonzalez,,2007-01-01,Female,,,"206 Maple Road, Forestville",229.0,active
1427,ADM2220,Lisa,Hernandez,,2008-09-01,Female,,,"6817 Pine Street, Springfield",229.0,active
1428,ADM2221,Karen,Miller,,2012-09-17,Female,,,"2596 Maple Road, Lakeside",250.0,active
1429,ADM2222,William,Brown,,2014-03-16,Male,,,"7291 Main St, Meadowbrook",257.0,active
1431,ADM2224,Daniel,Anderson,,2015-01-21,Male,,,"488 Pine Street, Riverdale",247.0,active
1432,ADM2225,Steven,Smith,,2012-11-11,Male,,,"7706 Main St, Springfield",237.0,active
1434,ADM2227,Patricia,Anderson,,2008-11-09,Female,,,"4028 Main St, Lakeside",242.0,active
1435,ADM2228,Susan,Hernandez,,2011-12-07,Female,,,"2638 Main St, Lakeside",242.0,active
1436,ADM2229,William,Moore,,2006-10-11,Male,,,"4028 Main St, Lakeside",239.0,active
1437,ADM2230,William,Gonzalez,,2007-02-07,Male,,,"4495 Oak Avenue, Springfield",227.0,active
1438,ADM2231,Joshua,Miller,,2008-01-19,Male,,,"6912 Main St, Hillcrest",240.0,active
1439,ADM2232,Joseph,Moore,,2007-07-14,Male,,,"6913 Oak Avenue, Riverdale",232.0,active
1440,ADM2233,Elizabeth,Taylor,,2014-09-04,Female,,,"6365 Cedar Lane, Lakeside",225.0,active
1441,ADM2234,Carol,Taylor,,2014-02-05,Female,,,"9858 Maple Road, Riverdale",246.0,active
1442,ADM2235,Barbara,Rodriguez,,2012-11-30,Female,,,"4024 Pine Street, Forestville",242.0,active
1443,ADM2236,Ruth,Jones,,2014-12-16,Female,,,"1074 Main St, Lakeside",224.0,active
1444,ADM2237,Robert,Martin,,2007-05-05,Male,,,"2721 Main St, Meadowbrook",244.0,active
1445,ADM2238,Sandra,Williams,,2015-06-26,Female,,,"1170 Maple Road, Forestville",246.0,active
1447,ADM2240,Carol,Lopez,,2015-09-22,Female,,,"2629 Main St, Meadowbrook",236.0,active
1448,ADM2241,Betty,Wilson,,2012-11-03,Female,,,"1915 Elm Boulevard, Forestville",254.0,active
1449,ADM2242,Joseph,Taylor,,2005-08-03,Male,,,"8433 Oak Avenue, Meadowbrook",247.0,active
1450,ADM2243,Joshua,Williams,,2011-10-05,Male,,,"3131 Pine Street, Meadowbrook",254.0,active
1451,ADM2244,Nancy,Jones,,2011-03-06,Female,,,"660 Oak Avenue, Riverdale",246.0,active
1452,ADM2245,Linda,Gonzalez,,2007-07-28,Female,,,"942 Oak Avenue, Lakeside",245.0,active
1453,ADM2246,James,Anderson,,2012-03-30,Male,,,"1349 Pine Street, Hillcrest",258.0,active
1454,ADM2247,Donald,Wilson,,2007-10-26,Male,,,"6704 Elm Boulevard, Springfield",256.0,active
1455,ADM2248,Ruth,Moore,,2014-09-24,Female,,,"7036 Elm Boulevard, Riverdale",254.0,active
1456,ADM2249,Jennifer,Martin,,2011-03-03,Female,,,"2209 Main St, Forestville",227.0,active
1457,ADM2250,Betty,Williams,,2015-04-12,Female,,,"3065 Cedar Lane, Riverdale",244.0,active
1459,ADM2252,James,Wilson,,2011-06-07,Male,,,"804 Maple Road, Riverdale",236.0,active
1460,ADM2253,Michelle,Garcia,,2005-07-19,Female,,,"6704 Elm Boulevard, Springfield",258.0,active
1461,ADM2254,Jennifer,Hernandez,,2014-11-15,Female,,,"8433 Oak Avenue, Meadowbrook",255.0,active
1464,ADM2257,James,Rodriguez,,2006-12-22,Male,,,"5657 Main St, Riverdale",238.0,active
1465,ADM2258,Donald,Jackson,,2010-05-13,Male,,,"8484 Main St, Springfield",240.0,active
1466,ADM2259,Michelle,Taylor,,2007-01-21,Female,,,"2351 Main St, Lakeside",233.0,active
1467,ADM2260,Michelle,Rodriguez,,2011-08-20,Female,,,"660 Oak Avenue, Riverdale",224.0,active
1468,ADM2261,Thomas,Miller,,2009-03-03,Male,,,"3065 Cedar Lane, Riverdale",255.0,active
1470,ADM2263,Mary,Martin,,2008-07-13,Female,,,"1694 Oak Avenue, Riverdale",232.0,active
1471,ADM2264,Sarah,Brown,,2012-03-09,Female,,,"5657 Main St, Riverdale",259.0,active
1472,ADM2265,Helen,Rodriguez,,2010-11-30,Female,,,"7117 Cedar Lane, Riverdale",254.0,active
1473,ADM2266,Susan,Anderson,,2011-03-06,Female,,,"1349 Pine Street, Hillcrest",245.0,active
1474,ADM2267,Robert,Thomas,,2006-05-19,Male,,,"488 Pine Street, Riverdale",245.0,active
1475,ADM2268,Michelle,Anderson,,2008-10-08,Female,,,"6402 Pine Street, Springfield",234.0,active
1476,ADM2269,William,Miller,,2005-07-22,Male,,,"4176 Oak Avenue, Hillcrest",248.0,active
1424,ADM2217,Elizabeth,Anderson,,2011-12-25,Female,,,"4176 Oak Avenue, Hillcrest",,active
1458,ADM2251,Donald,Martin,,2006-02-23,Male,,,"2351 Main St, Lakeside",,active
1463,ADM2256,Daniel,Lopez,,2011-10-20,Male,,,"1178 Pine Street, Lakeside",,active
1446,ADM2239,Michael,Gonzalez,,2006-01-14,Male,,,"942 Oak Avenue, Lakeside",,active
1469,ADM2262,Robert,Davis,,2011-12-17,Male,,,"4508 Main St, Lakeside",,active
1478,ADM2271,Brian,Lopez,,2010-09-16,Male,,,"1349 Pine Street, Hillcrest",239.0,active
1479,ADM2272,Andrew,Anderson,,2006-10-08,Male,,,"4589 Cedar Lane, Riverdale",234.0,active
1481,ADM2274,Betty,Martinez,,2013-03-20,Female,,,"103 Cedar Lane, Riverdale",233.0,active
1482,ADM2275,Karen,Johnson,,2005-08-10,Female,,,"1220 Main St, Springfield",246.0,active
1483,ADM2276,David,Johnson,,2013-12-14,Male,,,"4176 Oak Avenue, Hillcrest",250.0,active
1484,ADM2277,Jennifer,Thomas,,2014-01-21,Female,,,"7223 Pine Street, Forestville",241.0,active
1485,ADM2278,Christopher,Gonzalez,,2011-11-11,Male,,,"7684 Elm Boulevard, Forestville",227.0,active
1489,ADM2282,David,Gonzalez,,2013-12-19,Male,,,"9805 Maple Road, Riverdale",234.0,active
1490,ADM2283,Kenneth,Miller,,2014-01-17,Male,,,"1694 Oak Avenue, Riverdale",228.0,active
1491,ADM2284,Jennifer,Thomas,,2007-01-13,Female,,,"6505 Pine Street, Springfield",226.0,active
1493,ADM2286,Helen,Martin,,2011-12-12,Female,,,"1178 Pine Street, Lakeside",228.0,active
1494,ADM2287,Sharon,Thomas,,2014-12-06,Female,,,"308 Cedar Lane, Forestville",243.0,active
1495,ADM2288,Michelle,Gonzalez,,2008-11-05,Female,,,"4589 Cedar Lane, Riverdale",244.0,active
1496,ADM2289,Brian,Williams,,2006-12-07,Male,,,"1858 Main St, Springfield",248.0,active
1497,ADM2290,Susan,Lopez,,2013-10-12,Female,,,"6593 Cedar Lane, Lakeside",259.0,active
1498,ADM2291,Daniel,Smith,,2010-06-01,Male,,,"111 Oak Avenue, Meadowbrook",239.0,active
1499,ADM2292,James,Lopez,,2010-06-07,Male,,,"1411 Oak Avenue, Forestville",254.0,active
1500,ADM2293,Mary,Jackson,,2012-05-15,Female,,,"6817 Pine Street, Springfield",247.0,active
1501,ADM2294,Sarah,Martin,,2012-11-07,Female,,,"4176 Oak Avenue, Hillcrest",224.0,active
1503,ADM2296,John,Smith,,2008-02-14,Male,,,"3033 Maple Road, Springfield",254.0,active
1504,ADM2297,Michelle,Smith,,2008-01-21,Female,,,"7036 Elm Boulevard, Riverdale",242.0,active
1506,ADM2299,Donna,Martin,,2005-08-02,Female,,,"5630 Main St, Meadowbrook",232.0,active
1507,ADM2300,Sharon,Davis,,2009-09-23,Female,,,"6402 Pine Street, Springfield",228.0,active
1992,STU_TEST_febb88,Test,Student,,2010-01-01,male,student_test_febb88@example.com,,,,active
1995,STU_TEST_73fbcf,Test,Student,,2010-01-01,male,student_test_73fbcf@example.com,,,,active
2016,STU_93319c_20,Test,Student20,,2010-01-01,male,student20_93319c@example.com,,,293.0,active
2017,STU_93319c_21,Test,Student21,,2010-01-01,male,student21_93319c@example.com,,,293.0,active
2018,STU_93319c_22,Test,Student22,,2010-01-01,male,student22_93319c@example.com,,,293.0,active
2019,STU_93319c_23,Test,Student23,,2010-01-01,male,student23_93319c@example.com,,,293.0,active
2020,STU_93319c_24,Test,Student24,,2010-01-01,male,student24_93319c@example.com,,,293.0,active
1331,ADM2124,Donna,Garcia,,2013-12-18,Female,,,"2558 Elm Boulevard, Hillcrest",250.0,active
1521,STU_TEST_001,Test,Student,,2010-01-01,male,student_test@example.com,,,,active
1522,STU_0,Test,Student0,,2010-01-01,male,student0@example.com,,,263.0,active
1523,STU_1,Test,Student1,,2010-01-01,male,student1@example.com,,,263.0,active
1524,STU_2,Test,Student2,,2010-01-01,male,student2@example.com,,,263.0,active
1525,STU_3,Test,Student3,,2010-01-01,male,student3@example.com,,,263.0,active
1526,STU_4,Test,Student4,,2010-01-01,male,student4@example.com,,,263.0,active
1527,STU_5,Test,Student5,,2010-01-01,male,student5@example.com,,,263.0,active
1528,STU_6,Test,Student6,,2010-01-01,male,student6@example.com,,,263.0,active
1529,STU_7,Test,Student7,,2010-01-01,male,student7@example.com,,,263.0,active
1530,STU_8,Test,Student8,,2010-01-01,male,student8@example.com,,,263.0,active
1531,STU_9,Test,Student9,,2010-01-01,male,student9@example.com,,,263.0,active
1532,STU_10,Test,Student10,,2010-01-01,male,student10@example.com,,,263.0,active
1533,STU_11,Test,Student11,,2010-01-01,male,student11@example.com,,,263.0,active
1534,STU_12,Test,Student12,,2010-01-01,male,student12@example.com,,,263.0,active
1535,STU_13,Test,Student13,,2010-01-01,male,student13@example.com,,,263.0,active
1536,STU_14,Test,Student14,,2010-01-01,male,student14@example.com,,,263.0,active
2021,STU_93319c_25,Test,Student25,,2010-01-01,male,student25_93319c@example.com,,,293.0,active
1505,ADM2298,Mary,Anderson,,2010-09-18,Female,,,"2721 Main St, Meadowbrook",,active
1488,ADM2281,Barbara,Johnson,,2008-08-23,Female,,,"804 Maple Road, Riverdale",,active
1492,ADM2285,Thomas,Garcia,,2006-04-23,Male,,,"7190 Cedar Lane, Forestville",,active
1537,STU_15,Test,Student15,,2010-01-01,male,student15@example.com,,,263.0,active
1538,STU_16,Test,Student16,,2010-01-01,male,student16@example.com,,,263.0,active
1539,STU_17,Test,Student17,,2010-01-01,male,student17@example.com,,,263.0,active
1540,STU_18,Test,Student18,,2010-01-01,male,student18@example.com,,,263.0,active
1541,STU_19,Test,Student19,,2010-01-01,male,student19@example.com,,,263.0,active
1542,STU_20,Test,Student20,,2010-01-01,male,student20@example.com,,,263.0,active
1543,STU_21,Test,Student21,,2010-01-01,male,student21@example.com,,,263.0,active
1544,STU_22,Test,Student22,,2010-01-01,male,student22@example.com,,,263.0,active
1545,STU_23,Test,Student23,,2010-01-01,male,student23@example.com,,,263.0,active
1546,STU_24,Test,Student24,,2010-01-01,male,student24@example.com,,,263.0,active
1547,STU_25,Test,Student25,,2010-01-01,male,student25@example.com,,,263.0,active
1548,STU_26,Test,Student26,,2010-01-01,male,student26@example.com,,,263.0,active
1549,STU_27,Test,Student27,,2010-01-01,male,student27@example.com,,,263.0,active
1550,STU_28,Test,Student28,,2010-01-01,male,student28@example.com,,,263.0,active
1551,STU_29,Test,Student29,,2010-01-01,male,student29@example.com,,,263.0,active
1552,STU_30,Test,Student30,,2010-01-01,male,student30@example.com,,,263.0,active
1553,STU_31,Test,Student31,,2010-01-01,male,student31@example.com,,,263.0,active
1554,STU_32,Test,Student32,,2010-01-01,male,student32@example.com,,,263.0,active
1555,STU_33,Test,Student33,,2010-01-01,male,student33@example.com,,,263.0,active
1556,STU_34,Test,Student34,,2010-01-01,male,student34@example.com,,,263.0,active
1557,STU_35,Test,Student35,,2010-01-01,male,student35@example.com,,,263.0,active
1558,STU_36,Test,Student36,,2010-01-01,male,student36@example.com,,,263.0,active
1559,STU_37,Test,Student37,,2010-01-01,male,student37@example.com,,,263.0,active
1560,STU_38,Test,Student38,,2010-01-01,male,student38@example.com,,,263.0,active
1561,STU_39,Test,Student39,,2010-01-01,male,student39@example.com,,,263.0,active
1562,STU_40,Test,Student40,,2010-01-01,male,student40@example.com,,,263.0,active
1563,STU_41,Test,Student41,,2010-01-01,male,student41@example.com,,,263.0,active
1564,STU_42,Test,Student42,,2010-01-01,male,student42@example.com,,,263.0,active
1565,STU_43,Test,Student43,,2010-01-01,male,student43@example.com,,,263.0,active
1566,STU_44,Test,Student44,,2010-01-01,male,student44@example.com,,,263.0,active
1567,STU_45,Test,Student45,,2010-01-01,male,student45@example.com,,,263.0,active
1568,STU_46,Test,Student46,,2010-01-01,male,student46@example.com,,,263.0,active
1569,STU_47,Test,Student47,,2010-01-01,male,student47@example.com,,,263.0,active
1570,STU_48,Test,Student48,,2010-01-01,male,student48@example.com,,,263.0,active
1571,STU_49,Test,Student49,,2010-01-01,male,student49@example.com,,,263.0,active
1572,STU_TEST_ba4080,Test,Student,,2010-01-01,male,student_test_ba4080@example.com,,,,active
1574,STU_TEST_28f0ed,Test,Student,,2010-01-01,male,student_test_28f0ed@example.com,,,,active
1575,STU_dbae1e_0,Test,Student0,,2010-01-01,male,student0_dbae1e@example.com,,,265.0,active
1576,STU_dbae1e_1,Test,Student1,,2010-01-01,male,student1_dbae1e@example.com,,,265.0,active
1577,STU_dbae1e_2,Test,Student2,,2010-01-01,male,student2_dbae1e@example.com,,,265.0,active
1578,STU_dbae1e_3,Test,Student3,,2010-01-01,male,student3_dbae1e@example.com,,,265.0,active
1579,STU_dbae1e_4,Test,Student4,,2010-01-01,male,student4_dbae1e@example.com,,,265.0,active
1580,STU_dbae1e_5,Test,Student5,,2010-01-01,male,student5_dbae1e@example.com,,,265.0,active
1581,STU_dbae1e_6,Test,Student6,,2010-01-01,male,student6_dbae1e@example.com,,,265.0,active
1582,STU_dbae1e_7,Test,Student7,,2010-01-01,male,student7_dbae1e@example.com,,,265.0,active
1583,STU_dbae1e_8,Test,Student8,,2010-01-01,male,student8_dbae1e@example.com,,,265.0,active
1584,STU_dbae1e_9,Test,Student9,,2010-01-01,male,student9_dbae1e@example.com,,,265.0,active
1585,STU_dbae1e_10,Test,Student10,,2010-01-01,male,student10_dbae1e@example.com,,,265.0,active
1586,STU_dbae1e_11,Test,Student11,,2010-01-01,male,student11_dbae1e@example.com,,,265.0,active
1587,STU_dbae1e_12,Test,Student12,,2010-01-01,male,student12_dbae1e@example.com,,,265.0,active
1588,STU_dbae1e_13,Test,Student13,,2010-01-01,male,student13_dbae1e@example.com,,,265.0,active
1589,STU_dbae1e_14,Test,Student14,,2010-01-01,male,student14_dbae1e@example.com,,,265.0,active
1590,STU_dbae1e_15,Test,Student15,,2010-01-01,male,student15_dbae1e@example.com,,,265.0,active
1591,STU_dbae1e_16,Test,Student16,,2010-01-01,male,student16_dbae1e@example.com,,,265.0,active
1592,STU_dbae1e_17,Test,Student17,,2010-01-01,male,student17_dbae1e@example.com,,,265.0,active
1593,STU_dbae1e_18,Test,Student18,,2010-01-01,male,student18_dbae1e@example.com,,,265.0,active
1594,STU_dbae1e_19,Test,Student19,,2010-01-01,male,student19_dbae1e@example.com,,,265.0,active
1595,STU_dbae1e_20,Test,Student20,,2010-01-01,male,student20_dbae1e@example.com,,,265.0,active
1596,STU_dbae1e_21,Test,Student21,,2010-01-01,male,student21_dbae1e@example.com,,,265.0,active
1597,STU_dbae1e_22,Test,Student22,,2010-01-01,male,student22_dbae1e@example.com,,,265.0,active
1598,STU_dbae1e_23,Test,Student23,,2010-01-01,male,student23_dbae1e@example.com,,,265.0,active
1599,STU_dbae1e_24,Test,Student24,,2010-01-01,male,student24_dbae1e@example.com,,,265.0,active
1600,STU_dbae1e_25,Test,Student25,,2010-01-01,male,student25_dbae1e@example.com,,,265.0,active
1601,STU_dbae1e_26,Test,Student26,,2010-01-01,male,student26_dbae1e@example.com,,,265.0,active
1602,STU_dbae1e_27,Test,Student27,,2010-01-01,male,student27_dbae1e@example.com,,,265.0,active
1603,STU_dbae1e_28,Test,Student28,,2010-01-01,male,student28_dbae1e@example.com,,,265.0,active
1604,STU_dbae1e_29,Test,Student29,,2010-01-01,male,student29_dbae1e@example.com,,,265.0,active
1605,STU_dbae1e_30,Test,Student30,,2010-01-01,male,student30_dbae1e@example.com,,,265.0,active
1606,STU_dbae1e_31,Test,Student31,,2010-01-01,male,student31_dbae1e@example.com,,,265.0,active
1607,STU_dbae1e_32,Test,Student32,,2010-01-01,male,student32_dbae1e@example.com,,,265.0,active
1608,STU_dbae1e_33,Test,Student33,,2010-01-01,male,student33_dbae1e@example.com,,,265.0,active
1609,STU_dbae1e_34,Test,Student34,,2010-01-01,male,student34_dbae1e@example.com,,,265.0,active
1610,STU_dbae1e_35,Test,Student35,,2010-01-01,male,student35_dbae1e@example.com,,,265.0,active
1611,STU_dbae1e_36,Test,Student36,,2010-01-01,male,student36_dbae1e@example.com,,,265.0,active
1612,STU_dbae1e_37,Test,Student37,,2010-01-01,male,student37_dbae1e@example.com,,,265.0,active
1613,STU_dbae1e_38,Test,Student38,,2010-01-01,male,student38_dbae1e@example.com,,,265.0,active
1614,STU_dbae1e_39,Test,Student39,,2010-01-01,male,student39_dbae1e@example.com,,,265.0,active
1615,STU_dbae1e_40,Test,Student40,,2010-01-01,male,student40_dbae1e@example.com,,,265.0,active
1616,STU_dbae1e_41,Test,Student41,,2010-01-01,male,student41_dbae1e@example.com,,,265.0,active
1617,STU_dbae1e_42,Test,Student42,,2010-01-01,male,student42_dbae1e@example.com,,,265.0,active
1618,STU_dbae1e_43,Test,Student43,,2010-01-01,male,student43_dbae1e@example.com,,,265.0,active
1619,STU_dbae1e_44,Test,Student44,,2010-01-01,male,student44_dbae1e@example.com,,,265.0,active
1620,STU_dbae1e_45,Test,Student45,,2010-01-01,male,student45_dbae1e@example.com,,,265.0,active
1621,STU_dbae1e_46,Test,Student46,,2010-01-01,male,student46_dbae1e@example.com,,,265.0,active
1622,STU_dbae1e_47,Test,Student47,,2010-01-01,male,student47_dbae1e@example.com,,,265.0,active
1623,STU_dbae1e_48,Test,Student48,,2010-01-01,male,student48_dbae1e@example.com,,,265.0,active
1624,STU_dbae1e_49,Test,Student49,,2010-01-01,male,student49_dbae1e@example.com,,,265.0,active
1625,STU_TEST_8b6f48,Test,Student,,2010-01-01,male,student_test_8b6f48@example.com,,,,active
1626,STU_TEST_a57da8,Test,Student,,2010-01-01,male,student_test_a57da8@example.com,,,,active
1627,STU_TEST_3ca19c,Test,Student,,2010-01-01,male,student_test_3ca19c@example.com,,,,active
1628,STU_TEST_7ded4d,Test,Student,,2010-01-01,male,student_test_7ded4d@example.com,,,,active
1629,STU_TEST_8ada59,Test,Student,,2010-01-01,male,student_test_8ada59@example.com,,,,active
1630,STU_ce603c_0,Test,Student0,,2010-01-01,male,student0_ce603c@example.com,,,266.0,active
1631,STU_ce603c_1,Test,Student1,,2010-01-01,male,student1_ce603c@example.com,,,266.0,active
1632,STU_ce603c_2,Test,Student2,,2010-01-01,male,student2_ce603c@example.com,,,266.0,active
1633,STU_ce603c_3,Test,Student3,,2010-01-01,male,student3_ce603c@example.com,,,266.0,active
1634,STU_ce603c_4,Test,Student4,,2010-01-01,male,student4_ce603c@example.com,,,266.0,active
1635,STU_ce603c_5,Test,Student5,,2010-01-01,male,student5_ce603c@example.com,,,266.0,active
1636,STU_ce603c_6,Test,Student6,,2010-01-01,male,student6_ce603c@example.com,,,266.0,active
1637,STU_ce603c_7,Test,Student7,,2010-01-01,male,student7_ce603c@example.com,,,266.0,active
1638,STU_ce603c_8,Test,Student8,,2010-01-01,male,student8_ce603c@example.com,,,266.0,active
1639,STU_ce603c_9,Test,Student9,,2010-01-01,male,student9_ce603c@example.com,,,266.0,active
1640,STU_ce603c_10,Test,Student10,,2010-01-01,male,student10_ce603c@example.com,,,266.0,active
1641,STU_ce603c_11,Test,Student11,,2010-01-01,male,student11_ce603c@example.com,,,266.0,active
1642,STU_ce603c_12,Test,Student12,,2010-01-01,male,student12_ce603c@example.com,,,266.0,active
1643,STU_ce603c_13,Test,Student13,,2010-01-01,male,student13_ce603c@example.com,,,266.0,active
1644,STU_ce603c_14,Test,Student14,,2010-01-01,male,student14_ce603c@example.com,,,266.0,active
1645,STU_ce603c_15,Test,Student15,,2010-01-01,male,student15_ce603c@example.com,,,266.0,active
1646,STU_ce603c_16,Test,Student16,,2010-01-01,male,student16_ce603c@example.com,,,266.0,active
1647,STU_ce603c_17,Test,Student17,,2010-01-01,male,student17_ce603c@example.com,,,266.0,active
1648,STU_ce603c_18,Test,Student18,,2010-01-01,male,student18_ce603c@example.com,,,266.0,active
1649,STU_ce603c_19,Test,Student19,,2010-01-01,male,student19_ce603c@example.com,,,266.0,active
1650,STU_ce603c_20,Test,Student20,,2010-01-01,male,student20_ce603c@example.com,,,266.0,active
1651,STU_ce603c_21,Test,Student21,,2010-01-01,male,student21_ce603c@example.com,,,266.0,active
1652,STU_ce603c_22,Test,Student22,,2010-01-01,male,student22_ce603c@example.com,,,266.0,active
1653,STU_ce603c_23,Test,Student23,,2010-01-01,male,student23_ce603c@example.com,,,266.0,active
1654,STU_ce603c_24,Test,Student24,,2010-01-01,male,student24_ce603c@example.com,,,266.0,active
1655,STU_ce603c_25,Test,Student25,,2010-01-01,male,student25_ce603c@example.com,,,266.0,active
1656,STU_ce603c_26,Test,Student26,,2010-01-01,male,student26_ce603c@example.com,,,266.0,active
1657,STU_ce603c_27,Test,Student27,,2010-01-01,male,student27_ce603c@example.com,,,266.0,active
1658,STU_ce603c_28,Test,Student28,,2010-01-01,male,student28_ce603c@example.com,,,266.0,active
1659,STU_ce603c_29,Test,Student29,,2010-01-01,male,student29_ce603c@example.com,,,266.0,active
1660,STU_ce603c_30,Test,Student30,,2010-01-01,male,student30_ce603c@example.com,,,266.0,active
1661,STU_ce603c_31,Test,Student31,,2010-01-01,male,student31_ce603c@example.com,,,266.0,active
1662,STU_ce603c_32,Test,Student32,,2010-01-01,male,student32_ce603c@example.com,,,266.0,active
1663,STU_ce603c_33,Test,Student33,,2010-01-01,male,student33_ce603c@example.com,,,266.0,active
1664,STU_ce603c_34,Test,Student34,,2010-01-01,male,student34_ce603c@example.com,,,266.0,active
1665,STU_ce603c_35,Test,Student35,,2010-01-01,male,student35_ce603c@example.com,,,266.0,active
1666,STU_ce603c_36,Test,Student36,,2010-01-01,male,student36_ce603c@example.com,,,266.0,active
1667,STU_ce603c_37,Test,Student37,,2010-01-01,male,student37_ce603c@example.com,,,266.0,active
1668,STU_ce603c_38,Test,Student38,,2010-01-01,male,student38_ce603c@example.com,,,266.0,active
1669,STU_ce603c_39,Test,Student39,,2010-01-01,male,student39_ce603c@example.com,,,266.0,active
1670,STU_ce603c_40,Test,Student40,,2010-01-01,male,student40_ce603c@example.com,,,266.0,active
1671,STU_ce603c_41,Test,Student41,,2010-01-01,male,student41_ce603c@example.com,,,266.0,active
1672,STU_ce603c_42,Test,Student42,,2010-01-01,male,student42_ce603c@example.com,,,266.0,active
1673,STU_ce603c_43,Test,Student43,,2010-01-01,male,student43_ce603c@example.com,,,266.0,active
1674,STU_ce603c_44,Test,Student44,,2010-01-01,male,student44_ce603c@example.com,,,266.0,active
1675,STU_ce603c_45,Test,Student45,,2010-01-01,male,student45_ce603c@example.com,,,266.0,active
1676,STU_ce603c_46,Test,Student46,,2010-01-01,male,student46_ce603c@example.com,,,266.0,active
1677,STU_ce603c_47,Test,Student47,,2010-01-01,male,student47_ce603c@example.com,,,266.0,active
1678,STU_ce603c_48,Test,Student48,,2010-01-01,male,student48_ce603c@example.com,,,266.0,active
1679,STU_ce603c_49,Test,Student49,,2010-01-01,male,student49_ce603c@example.com,,,266.0,active
1680,STU_2f4cb8_0,Test,Student0,,2010-01-01,male,student0_2f4cb8@example.com,,,267.0,active
1681,STU_2f4cb8_1,Test,Student1,,2010-01-01,male,student1_2f4cb8@example.com,,,267.0,active
1682,STU_2f4cb8_2,Test,Student2,,2010-01-01,male,student2_2f4cb8@example.com,,,267.0,active
1683,STU_2f4cb8_3,Test,Student3,,2010-01-01,male,student3_2f4cb8@example.com,,,267.0,active
1684,STU_2f4cb8_4,Test,Student4,,2010-01-01,male,student4_2f4cb8@example.com,,,267.0,active
1685,STU_2f4cb8_5,Test,Student5,,2010-01-01,male,student5_2f4cb8@example.com,,,267.0,active
1686,STU_2f4cb8_6,Test,Student6,,2010-01-01,male,student6_2f4cb8@example.com,,,267.0,active
1687,STU_2f4cb8_7,Test,Student7,,2010-01-01,male,student7_2f4cb8@example.com,,,267.0,active
1688,STU_2f4cb8_8,Test,Student8,,2010-01-01,male,student8_2f4cb8@example.com,,,267.0,active
1689,STU_2f4cb8_9,Test,Student9,,2010-01-01,male,student9_2f4cb8@example.com,,,267.0,active
1690,STU_2f4cb8_10,Test,Student10,,2010-01-01,male,student10_2f4cb8@example.com,,,267.0,active
1691,STU_2f4cb8_11,Test,Student11,,2010-01-01,male,student11_2f4cb8@example.com,,,267.0,active
1692,STU_2f4cb8_12,Test,Student12,,2010-01-01,male,student12_2f4cb8@example.com,,,267.0,active
1693,STU_2f4cb8_13,Test,Student13,,2010-01-01,male,student13_2f4cb8@example.com,,,267.0,active
1694,STU_2f4cb8_14,Test,Student14,,2010-01-01,male,student14_2f4cb8@example.com,,,267.0,active
1695,STU_2f4cb8_15,Test,Student15,,2010-01-01,male,student15_2f4cb8@example.com,,,267.0,active
1696,STU_2f4cb8_16,Test,Student16,,2010-01-01,male,student16_2f4cb8@example.com,,,267.0,active
1697,STU_2f4cb8_17,Test,Student17,,2010-01-01,male,student17_2f4cb8@example.com,,,267.0,active
1698,STU_2f4cb8_18,Test,Student18,,2010-01-01,male,student18_2f4cb8@example.com,,,267.0,active
1699,STU_2f4cb8_19,Test,Student19,,2010-01-01,male,student19_2f4cb8@example.com,,,267.0,active
1700,STU_2f4cb8_20,Test,Student20,,2010-01-01,male,student20_2f4cb8@example.com,,,267.0,active
1701,STU_2f4cb8_21,Test,Student21,,2010-01-01,male,student21_2f4cb8@example.com,,,267.0,active
1702,STU_2f4cb8_22,Test,Student22,,2010-01-01,male,student22_2f4cb8@example.com,,,267.0,active
1703,STU_2f4cb8_23,Test,Student23,,2010-01-01,male,student23_2f4cb8@example.com,,,267.0,active
1704,STU_2f4cb8_24,Test,Student24,,2010-01-01,male,student24_2f4cb8@example.com,,,267.0,active
1705,STU_2f4cb8_25,Test,Student25,,2010-01-01,male,student25_2f4cb8@example.com,,,267.0,active
1706,STU_2f4cb8_26,Test,Student26,,2010-01-01,male,student26_2f4cb8@example.com,,,267.0,active
1707,STU_2f4cb8_27,Test,Student27,,2010-01-01,male,student27_2f4cb8@example.com,,,267.0,active
1708,STU_2f4cb8_28,Test,Student28,,2010-01-01,male,student28_2f4cb8@example.com,,,267.0,active
1709,STU_2f4cb8_29,Test,Student29,,2010-01-01,male,student29_2f4cb8@example.com,,,267.0,active
1710,STU_2f4cb8_30,Test,Student30,,2010-01-01,male,student30_2f4cb8@example.com,,,267.0,active
1711,STU_2f4cb8_31,Test,Student31,,2010-01-01,male,student31_2f4cb8@example.com,,,267.0,active
1712,STU_2f4cb8_32,Test,Student32,,2010-01-01,male,student32_2f4cb8@example.com,,,267.0,active
1713,STU_2f4cb8_33,Test,Student33,,2010-01-01,male,student33_2f4cb8@example.com,,,267.0,active
1714,STU_2f4cb8_34,Test,Student34,,2010-01-01,male,student34_2f4cb8@example.com,,,267.0,active
1715,STU_2f4cb8_35,Test,Student35,,2010-01-01,male,student35_2f4cb8@example.com,,,267.0,active
1716,STU_2f4cb8_36,Test,Student36,,2010-01-01,male,student36_2f4cb8@example.com,,,267.0,active
1717,STU_2f4cb8_37,Test,Student37,,2010-01-01,male,student37_2f4cb8@example.com,,,267.0,active
1718,STU_2f4cb8_38,Test,Student38,,2010-01-01,male,student38_2f4cb8@example.com,,,267.0,active
1719,STU_2f4cb8_39,Test,Student39,,2010-01-01,male,student39_2f4cb8@example.com,,,267.0,active
1720,STU_2f4cb8_40,Test,Student40,,2010-01-01,male,student40_2f4cb8@example.com,,,267.0,active
1721,STU_2f4cb8_41,Test,Student41,,2010-01-01,male,student41_2f4cb8@example.com,,,267.0,active
1722,STU_2f4cb8_42,Test,Student42,,2010-01-01,male,student42_2f4cb8@example.com,,,267.0,active
1723,STU_2f4cb8_43,Test,Student43,,2010-01-01,male,student43_2f4cb8@example.com,,,267.0,active
1724,STU_2f4cb8_44,Test,Student44,,2010-01-01,male,student44_2f4cb8@example.com,,,267.0,active
1725,STU_2f4cb8_45,Test,Student45,,2010-01-01,male,student45_2f4cb8@example.com,,,267.0,active
1726,STU_2f4cb8_46,Test,Student46,,2010-01-01,male,student46_2f4cb8@example.com,,,267.0,active
1727,STU_2f4cb8_47,Test,Student47,,2010-01-01,male,student47_2f4cb8@example.com,,,267.0,active
1728,STU_2f4cb8_48,Test,Student48,,2010-01-01,male,student48_2f4cb8@example.com,,,267.0,active
1729,STU_2f4cb8_49,Test,Student49,,2010-01-01,male,student49_2f4cb8@example.com,,,267.0,active
1730,STU_35c85e_0,Test,Student0,,2010-01-01,male,student0_35c85e@example.com,,,268.0,active
1731,STU_35c85e_1,Test,Student1,,2010-01-01,male,student1_35c85e@example.com,,,268.0,active
1732,STU_35c85e_2,Test,Student2,,2010-01-01,male,student2_35c85e@example.com,,,268.0,active
1733,STU_35c85e_3,Test,Student3,,2010-01-01,male,student3_35c85e@example.com,,,268.0,active
1734,STU_35c85e_4,Test,Student4,,2010-01-01,male,student4_35c85e@example.com,,,268.0,active
1735,STU_35c85e_5,Test,Student5,,2010-01-01,male,student5_35c85e@example.com,,,268.0,active
1736,STU_35c85e_6,Test,Student6,,2010-01-01,male,student6_35c85e@example.com,,,268.0,active
1737,STU_35c85e_7,Test,Student7,,2010-01-01,male,student7_35c85e@example.com,,,268.0,active
1738,STU_35c85e_8,Test,Student8,,2010-01-01,male,student8_35c85e@example.com,,,268.0,active
1739,STU_35c85e_9,Test,Student9,,2010-01-01,male,student9_35c85e@example.com,,,268.0,active
1740,STU_35c85e_10,Test,Student10,,2010-01-01,male,student10_35c85e@example.com,,,268.0,active
1741,STU_35c85e_11,Test,Student11,,2010-01-01,male,student11_35c85e@example.com,,,268.0,active
1742,STU_35c85e_12,Test,Student12,,2010-01-01,male,student12_35c85e@example.com,,,268.0,active
1743,STU_35c85e_13,Test,Student13,,2010-01-01,male,student13_35c85e@example.com,,,268.0,active
1744,STU_35c85e_14,Test,Student14,,2010-01-01,male,student14_35c85e@example.com,,,268.0,active
1745,STU_35c85e_15,Test,Student15,,2010-01-01,male,student15_35c85e@example.com,,,268.0,active
1746,STU_35c85e_16,Test,Student16,,2010-01-01,male,student16_35c85e@example.com,,,268.0,active
1747,STU_35c85e_17,Test,Student17,,2010-01-01,male,student17_35c85e@example.com,,,268.0,active
1748,STU_35c85e_18,Test,Student18,,2010-01-01,male,student18_35c85e@example.com,,,268.0,active
1749,STU_35c85e_19,Test,Student19,,2010-01-01,male,student19_35c85e@example.com,,,268.0,active
1750,STU_35c85e_20,Test,Student20,,2010-01-01,male,student20_35c85e@example.com,,,268.0,active
1751,STU_35c85e_21,Test,Student21,,2010-01-01,male,student21_35c85e@example.com,,,268.0,active
1752,STU_35c85e_22,Test,Student22,,2010-01-01,male,student22_35c85e@example.com,,,268.0,active
1753,STU_35c85e_23,Test,Student23,,2010-01-01,male,student23_35c85e@example.com,,,268.0,active
1754,STU_35c85e_24,Test,Student24,,2010-01-01,male,student24_35c85e@example.com,,,268.0,active
1755,STU_35c85e_25,Test,Student25,,2010-01-01,male,student25_35c85e@example.com,,,268.0,active
1756,STU_35c85e_26,Test,Student26,,2010-01-01,male,student26_35c85e@example.com,,,268.0,active
1757,STU_35c85e_27,Test,Student27,,2010-01-01,male,student27_35c85e@example.com,,,268.0,active
1758,STU_35c85e_28,Test,Student28,,2010-01-01,male,student28_35c85e@example.com,,,268.0,active
1759,STU_35c85e_29,Test,Student29,,2010-01-01,male,student29_35c85e@example.com,,,268.0,active
1760,STU_35c85e_30,Test,Student30,,2010-01-01,male,student30_35c85e@example.com,,,268.0,active
1761,STU_35c85e_31,Test,Student31,,2010-01-01,male,student31_35c85e@example.com,,,268.0,active
1762,STU_35c85e_32,Test,Student32,,2010-01-01,male,student32_35c85e@example.com,,,268.0,active
1763,STU_35c85e_33,Test,Student33,,2010-01-01,male,student33_35c85e@example.com,,,268.0,active
1764,STU_35c85e_34,Test,Student34,,2010-01-01,male,student34_35c85e@example.com,,,268.0,active
1765,STU_35c85e_35,Test,Student35,,2010-01-01,male,student35_35c85e@example.com,,,268.0,active
1766,STU_35c85e_36,Test,Student36,,2010-01-01,male,student36_35c85e@example.com,,,268.0,active
1767,STU_35c85e_37,Test,Student37,,2010-01-01,male,student37_35c85e@example.com,,,268.0,active
1768,STU_35c85e_38,Test,Student38,,2010-01-01,male,student38_35c85e@example.com,,,268.0,active
1769,STU_35c85e_39,Test,Student39,,2010-01-01,male,student39_35c85e@example.com,,,268.0,active
1770,STU_35c85e_40,Test,Student40,,2010-01-01,male,student40_35c85e@example.com,,,268.0,active
1771,STU_35c85e_41,Test,Student41,,2010-01-01,male,student41_35c85e@example.com,,,268.0,active
1772,STU_35c85e_42,Test,Student42,,2010-01-01,male,student42_35c85e@example.com,,,268.0,active
1773,STU_35c85e_43,Test,Student43,,2010-01-01,male,student43_35c85e@example.com,,,268.0,active
1774,STU_35c85e_44,Test,Student44,,2010-01-01,male,student44_35c85e@example.com,,,268.0,active
1775,STU_35c85e_45,Test,Student45,,2010-01-01,male,student45_35c85e@example.com,,,268.0,active
1776,STU_35c85e_46,Test,Student46,,2010-01-01,male,student46_35c85e@example.com,,,268.0,active
1777,STU_35c85e_47,Test,Student47,,2010-01-01,male,student47_35c85e@example.com,,,268.0,active
1778,STU_35c85e_48,Test,Student48,,2010-01-01,male,student48_35c85e@example.com,,,268.0,active
1779,STU_35c85e_49,Test,Student49,,2010-01-01,male,student49_35c85e@example.com,,,268.0,active
1780,STU_176485_0,Test,Student0,,2010-01-01,male,student0_176485@example.com,,,269.0,active
1781,STU_176485_1,Test,Student1,,2010-01-01,male,student1_176485@example.com,,,269.0,active
1782,STU_176485_2,Test,Student2,,2010-01-01,male,student2_176485@example.com,,,269.0,active
1783,STU_176485_3,Test,Student3,,2010-01-01,male,student3_176485@example.com,,,269.0,active
1784,STU_176485_4,Test,Student4,,2010-01-01,male,student4_176485@example.com,,,269.0,active
1785,STU_176485_5,Test,Student5,,2010-01-01,male,student5_176485@example.com,,,269.0,active
1786,STU_176485_6,Test,Student6,,2010-01-01,male,student6_176485@example.com,,,269.0,active
1787,STU_176485_7,Test,Student7,,2010-01-01,male,student7_176485@example.com,,,269.0,active
1788,STU_176485_8,Test,Student8,,2010-01-01,male,student8_176485@example.com,,,269.0,active
1789,STU_176485_9,Test,Student9,,2010-01-01,male,student9_176485@example.com,,,269.0,active
1790,STU_176485_10,Test,Student10,,2010-01-01,male,student10_176485@example.com,,,269.0,active
1791,STU_176485_11,Test,Student11,,2010-01-01,male,student11_176485@example.com,,,269.0,active
1792,STU_176485_12,Test,Student12,,2010-01-01,male,student12_176485@example.com,,,269.0,active
1793,STU_176485_13,Test,Student13,,2010-01-01,male,student13_176485@example.com,,,269.0,active
1794,STU_176485_14,Test,Student14,,2010-01-01,male,student14_176485@example.com,,,269.0,active
1795,STU_176485_15,Test,Student15,,2010-01-01,male,student15_176485@example.com,,,269.0,active
1796,STU_176485_16,Test,Student16,,2010-01-01,male,student16_176485@example.com,,,269.0,active
1797,STU_176485_17,Test,Student17,,2010-01-01,male,student17_176485@example.com,,,269.0,active
1798,STU_176485_18,Test,Student18,,2010-01-01,male,student18_176485@example.com,,,269.0,active
1799,STU_176485_19,Test,Student19,,2010-01-01,male,student19_176485@example.com,,,269.0,active
1800,STU_176485_20,Test,Student20,,2010-01-01,male,student20_176485@example.com,,,269.0,active
1801,STU_176485_21,Test,Student21,,2010-01-01,male,student21_176485@example.com,,,269.0,active
1802,STU_176485_22,Test,Student22,,2010-01-01,male,student22_176485@example.com,,,269.0,active
1803,STU_176485_23,Test,Student23,,2010-01-01,male,student23_176485@example.com,,,269.0,active
1804,STU_176485_24,Test,Student24,,2010-01-01,male,student24_176485@example.com,,,269.0,active
1805,STU_176485_25,Test,Student25,,2010-01-01,male,student25_176485@example.com,,,269.0,active
1806,STU_176485_26,Test,Student26,,2010-01-01,male,student26_176485@example.com,,,269.0,active
1807,STU_176485_27,Test,Student27,,2010-01-01,male,student27_176485@example.com,,,269.0,active
1808,STU_176485_28,Test,Student28,,2010-01-01,male,student28_176485@example.com,,,269.0,active
1809,STU_176485_29,Test,Student29,,2010-01-01,male,student29_176485@example.com,,,269.0,active
1810,STU_176485_30,Test,Student30,,2010-01-01,male,student30_176485@example.com,,,269.0,active
1811,STU_176485_31,Test,Student31,,2010-01-01,male,student31_176485@example.com,,,269.0,active
1812,STU_176485_32,Test,Student32,,2010-01-01,male,student32_176485@example.com,,,269.0,active
1813,STU_176485_33,Test,Student33,,2010-01-01,male,student33_176485@example.com,,,269.0,active
1814,STU_176485_34,Test,Student34,,2010-01-01,male,student34_176485@example.com,,,269.0,active
1815,STU_176485_35,Test,Student35,,2010-01-01,male,student35_176485@example.com,,,269.0,active
1816,STU_176485_36,Test,Student36,,2010-01-01,male,student36_176485@example.com,,,269.0,active
1817,STU_176485_37,Test,Student37,,2010-01-01,male,student37_176485@example.com,,,269.0,active
1818,STU_176485_38,Test,Student38,,2010-01-01,male,student38_176485@example.com,,,269.0,active
1819,STU_176485_39,Test,Student39,,2010-01-01,male,student39_176485@example.com,,,269.0,active
1820,STU_176485_40,Test,Student40,,2010-01-01,male,student40_176485@example.com,,,269.0,active
1821,STU_176485_41,Test,Student41,,2010-01-01,male,student41_176485@example.com,,,269.0,active
1822,STU_176485_42,Test,Student42,,2010-01-01,male,student42_176485@example.com,,,269.0,active
1823,STU_176485_43,Test,Student43,,2010-01-01,male,student43_176485@example.com,,,269.0,active
1824,STU_176485_44,Test,Student44,,2010-01-01,male,student44_176485@example.com,,,269.0,active
1825,STU_176485_45,Test,Student45,,2010-01-01,male,student45_176485@example.com,,,269.0,active
1826,STU_176485_46,Test,Student46,,2010-01-01,male,student46_176485@example.com,,,269.0,active
1827,STU_176485_47,Test,Student47,,2010-01-01,male,student47_176485@example.com,,,269.0,active
1828,STU_176485_48,Test,Student48,,2010-01-01,male,student48_176485@example.com,,,269.0,active
1829,STU_176485_49,Test,Student49,,2010-01-01,male,student49_176485@example.com,,,269.0,active
1830,STU_6dae5f_0,Test,Student0,,2010-01-01,male,student0_6dae5f@example.com,,,270.0,active
1831,STU_6dae5f_1,Test,Student1,,2010-01-01,male,student1_6dae5f@example.com,,,270.0,active
1832,STU_6dae5f_2,Test,Student2,,2010-01-01,male,student2_6dae5f@example.com,,,270.0,active
1833,STU_6dae5f_3,Test,Student3,,2010-01-01,male,student3_6dae5f@example.com,,,270.0,active
1834,STU_6dae5f_4,Test,Student4,,2010-01-01,male,student4_6dae5f@example.com,,,270.0,active
1835,STU_6dae5f_5,Test,Student5,,2010-01-01,male,student5_6dae5f@example.com,,,270.0,active
1836,STU_6dae5f_6,Test,Student6,,2010-01-01,male,student6_6dae5f@example.com,,,270.0,active
1837,STU_6dae5f_7,Test,Student7,,2010-01-01,male,student7_6dae5f@example.com,,,270.0,active
1838,STU_6dae5f_8,Test,Student8,,2010-01-01,male,student8_6dae5f@example.com,,,270.0,active
1839,STU_6dae5f_9,Test,Student9,,2010-01-01,male,student9_6dae5f@example.com,,,270.0,active
1840,STU_6dae5f_10,Test,Student10,,2010-01-01,male,student10_6dae5f@example.com,,,270.0,active
1841,STU_6dae5f_11,Test,Student11,,2010-01-01,male,student11_6dae5f@example.com,,,270.0,active
1842,STU_6dae5f_12,Test,Student12,,2010-01-01,male,student12_6dae5f@example.com,,,270.0,active
1843,STU_6dae5f_13,Test,Student13,,2010-01-01,male,student13_6dae5f@example.com,,,270.0,active
1844,STU_6dae5f_14,Test,Student14,,2010-01-01,male,student14_6dae5f@example.com,,,270.0,active
1845,STU_6dae5f_15,Test,Student15,,2010-01-01,male,student15_6dae5f@example.com,,,270.0,active
1846,STU_6dae5f_16,Test,Student16,,2010-01-01,male,student16_6dae5f@example.com,,,270.0,active
1847,STU_6dae5f_17,Test,Student17,,2010-01-01,male,student17_6dae5f@example.com,,,270.0,active
1848,STU_6dae5f_18,Test,Student18,,2010-01-01,male,student18_6dae5f@example.com,,,270.0,active
1849,STU_6dae5f_19,Test,Student19,,2010-01-01,male,student19_6dae5f@example.com,,,270.0,active
1850,STU_6dae5f_20,Test,Student20,,2010-01-01,male,student20_6dae5f@example.com,,,270.0,active
1851,STU_6dae5f_21,Test,Student21,,2010-01-01,male,student21_6dae5f@example.com,,,270.0,active
1852,STU_6dae5f_22,Test,Student22,,2010-01-01,male,student22_6dae5f@example.com,,,270.0,active
1853,STU_6dae5f_23,Test,Student23,,2010-01-01,male,student23_6dae5f@example.com,,,270.0,active
1854,STU_6dae5f_24,Test,Student24,,2010-01-01,male,student24_6dae5f@example.com,,,270.0,active
1855,STU_6dae5f_25,Test,Student25,,2010-01-01,male,student25_6dae5f@example.com,,,270.0,active
1856,STU_6dae5f_26,Test,Student26,,2010-01-01,male,student26_6dae5f@example.com,,,270.0,active
1857,STU_6dae5f_27,Test,Student27,,2010-01-01,male,student27_6dae5f@example.com,,,270.0,active
1858,STU_6dae5f_28,Test,Student28,,2010-01-01,male,student28_6dae5f@example.com,,,270.0,active
1859,STU_6dae5f_29,Test,Student29,,2010-01-01,male,student29_6dae5f@example.com,,,270.0,active
1860,STU_6dae5f_30,Test,Student30,,2010-01-01,male,student30_6dae5f@example.com,,,270.0,active
1861,STU_6dae5f_31,Test,Student31,,2010-01-01,male,student31_6dae5f@example.com,,,270.0,active
1862,STU_6dae5f_32,Test,Student32,,2010-01-01,male,student32_6dae5f@example.com,,,270.0,active
1863,STU_6dae5f_33,Test,Student33,,2010-01-01,male,student33_6dae5f@example.com,,,270.0,active
1864,STU_6dae5f_34,Test,Student34,,2010-01-01,male,student34_6dae5f@example.com,,,270.0,active
1865,STU_6dae5f_35,Test,Student35,,2010-01-01,male,student35_6dae5f@example.com,,,270.0,active
1866,STU_6dae5f_36,Test,Student36,,2010-01-01,male,student36_6dae5f@example.com,,,270.0,active
1867,STU_6dae5f_37,Test,Student37,,2010-01-01,male,student37_6dae5f@example.com,,,270.0,active
1868,STU_6dae5f_38,Test,Student38,,2010-01-01,male,student38_6dae5f@example.com,,,270.0,active
1869,STU_6dae5f_39,Test,Student39,,2010-01-01,male,student39_6dae5f@example.com,,,270.0,active
1870,STU_6dae5f_40,Test,Student40,,2010-01-01,male,student40_6dae5f@example.com,,,270.0,active
1871,STU_6dae5f_41,Test,Student41,,2010-01-01,male,student41_6dae5f@example.com,,,270.0,active
1872,STU_6dae5f_42,Test,Student42,,2010-01-01,male,student42_6dae5f@example.com,,,270.0,active
1873,STU_6dae5f_43,Test,Student43,,2010-01-01,male,student43_6dae5f@example.com,,,270.0,active
1874,STU_6dae5f_44,Test,Student44,,2010-01-01,male,student44_6dae5f@example.com,,,270.0,active
1875,STU_6dae5f_45,Test,Student45,,2010-01-01,male,student45_6dae5f@example.com,,,270.0,active
1876,STU_6dae5f_46,Test,Student46,,2010-01-01,male,student46_6dae5f@example.com,,,270.0,active
1877,STU_6dae5f_47,Test,Student47,,2010-01-01,male,student47_6dae5f@example.com,,,270.0,active
1878,STU_6dae5f_48,Test,Student48,,2010-01-01,male,student48_6dae5f@example.com,,,270.0,active
1879,STU_6dae5f_49,Test,Student49,,2010-01-01,male,student49_6dae5f@example.com,,,270.0,active
1880,STU_29a6c8_0,Test,Student0,,2010-01-01,male,student0_29a6c8@example.com,,,271.0,active
1881,STU_29a6c8_1,Test,Student1,,2010-01-01,male,student1_29a6c8@example.com,,,271.0,active
1882,STU_29a6c8_2,Test,Student2,,2010-01-01,male,student2_29a6c8@example.com,,,271.0,active
1883,STU_29a6c8_3,Test,Student3,,2010-01-01,male,student3_29a6c8@example.com,,,271.0,active
1884,STU_29a6c8_4,Test,Student4,,2010-01-01,male,student4_29a6c8@example.com,,,271.0,active
1885,STU_29a6c8_5,Test,Student5,,2010-01-01,male,student5_29a6c8@example.com,,,271.0,active
1886,STU_29a6c8_6,Test,Student6,,2010-01-01,male,student6_29a6c8@example.com,,,271.0,active
1887,STU_29a6c8_7,Test,Student7,,2010-01-01,male,student7_29a6c8@example.com,,,271.0,active
1888,STU_29a6c8_8,Test,Student8,,2010-01-01,male,student8_29a6c8@example.com,,,271.0,active
1889,STU_29a6c8_9,Test,Student9,,2010-01-01,male,student9_29a6c8@example.com,,,271.0,active
1890,STU_29a6c8_10,Test,Student10,,2010-01-01,male,student10_29a6c8@example.com,,,271.0,active
1891,STU_29a6c8_11,Test,Student11,,2010-01-01,male,student11_29a6c8@example.com,,,271.0,active
1892,STU_29a6c8_12,Test,Student12,,2010-01-01,male,student12_29a6c8@example.com,,,271.0,active
1893,STU_29a6c8_13,Test,Student13,,2010-01-01,male,student13_29a6c8@example.com,,,271.0,active
1894,STU_29a6c8_14,Test,Student14,,2010-01-01,male,student14_29a6c8@example.com,,,271.0,active
1895,STU_29a6c8_15,Test,Student15,,2010-01-01,male,student15_29a6c8@example.com,,,271.0,active
1896,STU_29a6c8_16,Test,Student16,,2010-01-01,male,student16_29a6c8@example.com,,,271.0,active
1897,STU_29a6c8_17,Test,Student17,,2010-01-01,male,student17_29a6c8@example.com,,,271.0,active
1898,STU_29a6c8_18,Test,Student18,,2010-01-01,male,student18_29a6c8@example.com,,,271.0,active
1899,STU_29a6c8_19,Test,Student19,,2010-01-01,male,student19_29a6c8@example.com,,,271.0,active
1900,STU_29a6c8_20,Test,Student20,,2010-01-01,male,student20_29a6c8@example.com,,,271.0,active
1901,STU_29a6c8_21,Test,Student21,,2010-01-01,male,student21_29a6c8@example.com,,,271.0,active
1902,STU_29a6c8_22,Test,Student22,,2010-01-01,male,student22_29a6c8@example.com,,,271.0,active
1903,STU_29a6c8_23,Test,Student23,,2010-01-01,male,student23_29a6c8@example.com,,,271.0,active
1904,STU_29a6c8_24,Test,Student24,,2010-01-01,male,student24_29a6c8@example.com,,,271.0,active
1905,STU_29a6c8_25,Test,Student25,,2010-01-01,male,student25_29a6c8@example.com,,,271.0,active
1906,STU_29a6c8_26,Test,Student26,,2010-01-01,male,student26_29a6c8@example.com,,,271.0,active
1907,STU_29a6c8_27,Test,Student27,,2010-01-01,male,student27_29a6c8@example.com,,,271.0,active
1908,STU_29a6c8_28,Test,Student28,,2010-01-01,male,student28_29a6c8@example.com,,,271.0,active
1909,STU_29a6c8_29,Test,Student29,,2010-01-01,male,student29_29a6c8@example.com,,,271.0,active
1910,STU_29a6c8_30,Test,Student30,,2010-01-01,male,student30_29a6c8@example.com,,,271.0,active
1911,STU_29a6c8_31,Test,Student31,,2010-01-01,male,student31_29a6c8@example.com,,,271.0,active
1912,STU_29a6c8_32,Test,Student32,,2010-01-01,male,student32_29a6c8@example.com,,,271.0,active
1913,STU_29a6c8_33,Test,Student33,,2010-01-01,male,student33_29a6c8@example.com,,,271.0,active
1914,STU_29a6c8_34,Test,Student34,,2010-01-01,male,student34_29a6c8@example.com,,,271.0,active
1915,STU_29a6c8_35,Test,Student35,,2010-01-01,male,student35_29a6c8@example.com,,,271.0,active
1916,STU_29a6c8_36,Test,Student36,,2010-01-01,male,student36_29a6c8@example.com,,,271.0,active
1917,STU_29a6c8_37,Test,Student37,,2010-01-01,male,student37_29a6c8@example.com,,,271.0,active
1918,STU_29a6c8_38,Test,Student38,,2010-01-01,male,student38_29a6c8@example.com,,,271.0,active
1919,STU_29a6c8_39,Test,Student39,,2010-01-01,male,student39_29a6c8@example.com,,,271.0,active
1920,STU_29a6c8_40,Test,Student40,,2010-01-01,male,student40_29a6c8@example.com,,,271.0,active
1921,STU_29a6c8_41,Test,Student41,,2010-01-01,male,student41_29a6c8@example.com,,,271.0,active
1922,STU_29a6c8_42,Test,Student42,,2010-01-01,male,student42_29a6c8@example.com,,,271.0,active
1923,STU_29a6c8_43,Test,Student43,,2010-01-01,male,student43_29a6c8@example.com,,,271.0,active
1924,STU_29a6c8_44,Test,Student44,,2010-01-01,male,student44_29a6c8@example.com,,,271.0,active
1925,STU_29a6c8_45,Test,Student45,,2010-01-01,male,student45_29a6c8@example.com,,,271.0,active
1926,STU_29a6c8_46,Test,Student46,,2010-01-01,male,student46_29a6c8@example.com,,,271.0,active
1927,STU_29a6c8_47,Test,Student47,,2010-01-01,male,student47_29a6c8@example.com,,,271.0,active
1928,STU_29a6c8_48,Test,Student48,,2010-01-01,male,student48_29a6c8@example.com,,,271.0,active
1929,STU_29a6c8_49,Test,Student49,,2010-01-01,male,student49_29a6c8@example.com,,,271.0,active
1930,STU_TEST_70f21c,Test,Student,,2010-01-01,male,student_test_70f21c@example.com,,,,active
1931,STU_TEST_053270,Test,Student,,2010-01-01,male,student_test_053270@example.com,,,,active
1932,STU_TEST_96c049,Test,Student,,2010-01-01,male,student_test_96c049@example.com,,,,active
1933,STU_TEST_e5e4d3,Test,Student,,2010-01-01,male,student_test_e5e4d3@example.com,,,,active
1934,STU_TEST_69f29f,Test,Student,,2010-01-01,male,student_test_69f29f@example.com,,,,active
1935,STU_TEST_f8645b,Test,Student,,2010-01-01,male,student_test_f8645b@example.com,,,,active
1936,STU_TEST_03be6a,Test,Student,,2010-01-01,male,student_test_03be6a@example.com,,,,active
1937,STU_b82ebd_0,Test,Student0,,2010-01-01,male,student0_b82ebd@example.com,,,272.0,active
1938,STU_b82ebd_1,Test,Student1,,2010-01-01,male,student1_b82ebd@example.com,,,272.0,active
1939,STU_b82ebd_2,Test,Student2,,2010-01-01,male,student2_b82ebd@example.com,,,272.0,active
1940,STU_b82ebd_3,Test,Student3,,2010-01-01,male,student3_b82ebd@example.com,,,272.0,active
1941,STU_b82ebd_4,Test,Student4,,2010-01-01,male,student4_b82ebd@example.com,,,272.0,active
1942,STU_b82ebd_5,Test,Student5,,2010-01-01,male,student5_b82ebd@example.com,,,272.0,active
1943,STU_b82ebd_6,Test,Student6,,2010-01-01,male,student6_b82ebd@example.com,,,272.0,active
1944,STU_b82ebd_7,Test,Student7,,2010-01-01,male,student7_b82ebd@example.com,,,272.0,active
1945,STU_b82ebd_8,Test,Student8,,2010-01-01,male,student8_b82ebd@example.com,,,272.0,active
1946,STU_b82ebd_9,Test,Student9,,2010-01-01,male,student9_b82ebd@example.com,,,272.0,active
1947,STU_b82ebd_10,Test,Student10,,2010-01-01,male,student10_b82ebd@example.com,,,272.0,active
1948,STU_b82ebd_11,Test,Student11,,2010-01-01,male,student11_b82ebd@example.com,,,272.0,active
1949,STU_b82ebd_12,Test,Student12,,2010-01-01,male,student12_b82ebd@example.com,,,272.0,active
1950,STU_b82ebd_13,Test,Student13,,2010-01-01,male,student13_b82ebd@example.com,,,272.0,active
1951,STU_b82ebd_14,Test,Student14,,2010-01-01,male,student14_b82ebd@example.com,,,272.0,active
1952,STU_b82ebd_15,Test,Student15,,2010-01-01,male,student15_b82ebd@example.com,,,272.0,active
1953,STU_b82ebd_16,Test,Student16,,2010-01-01,male,student16_b82ebd@example.com,,,272.0,active
1954,STU_b82ebd_17,Test,Student17,,2010-01-01,male,student17_b82ebd@example.com,,,272.0,active
1955,STU_b82ebd_18,Test,Student18,,2010-01-01,male,student18_b82ebd@example.com,,,272.0,active
1956,STU_b82ebd_19,Test,Student19,,2010-01-01,male,student19_b82ebd@example.com,,,272.0,active
1957,STU_b82ebd_20,Test,Student20,,2010-01-01,male,student20_b82ebd@example.com,,,272.0,active
1958,STU_b82ebd_21,Test,Student21,,2010-01-01,male,student21_b82ebd@example.com,,,272.0,active
1959,STU_b82ebd_22,Test,Student22,,2010-01-01,male,student22_b82ebd@example.com,,,272.0,active
1960,STU_b82ebd_23,Test,Student23,,2010-01-01,male,student23_b82ebd@example.com,,,272.0,active
1961,STU_b82ebd_24,Test,Student24,,2010-01-01,male,student24_b82ebd@example.com,,,272.0,active
1962,STU_b82ebd_25,Test,Student25,,2010-01-01,male,student25_b82ebd@example.com,,,272.0,active
1963,STU_b82ebd_26,Test,Student26,,2010-01-01,male,student26_b82ebd@example.com,,,272.0,active
1964,STU_b82ebd_27,Test,Student27,,2010-01-01,male,student27_b82ebd@example.com,,,272.0,active
1965,STU_b82ebd_28,Test,Student28,,2010-01-01,male,student28_b82ebd@example.com,,,272.0,active
1966,STU_b82ebd_29,Test,Student29,,2010-01-01,male,student29_b82ebd@example.com,,,272.0,active
1967,STU_b82ebd_30,Test,Student30,,2010-01-01,male,student30_b82ebd@example.com,,,272.0,active
1968,STU_b82ebd_31,Test,Student31,,2010-01-01,male,student31_b82ebd@example.com,,,272.0,active
1969,STU_b82ebd_32,Test,Student32,,2010-01-01,male,student32_b82ebd@example.com,,,272.0,active
1970,STU_b82ebd_33,Test,Student33,,2010-01-01,male,student33_b82ebd@example.com,,,272.0,active
1971,STU_b82ebd_34,Test,Student34,,2010-01-01,male,student34_b82ebd@example.com,,,272.0,active
1972,STU_b82ebd_35,Test,Student35,,2010-01-01,male,student35_b82ebd@example.com,,,272.0,active
1973,STU_b82ebd_36,Test,Student36,,2010-01-01,male,student36_b82ebd@example.com,,,272.0,active
1974,STU_b82ebd_37,Test,Student37,,2010-01-01,male,student37_b82ebd@example.com,,,272.0,active
1975,STU_b82ebd_38,Test,Student38,,2010-01-01,male,student38_b82ebd@example.com,,,272.0,active
1976,STU_b82ebd_39,Test,Student39,,2010-01-01,male,student39_b82ebd@example.com,,,272.0,active
1977,STU_b82ebd_40,Test,Student40,,2010-01-01,male,student40_b82ebd@example.com,,,272.0,active
1978,STU_b82ebd_41,Test,Student41,,2010-01-01,male,student41_b82ebd@example.com,,,272.0,active
1979,STU_b82ebd_42,Test,Student42,,2010-01-01,male,student42_b82ebd@example.com,,,272.0,active
1980,STU_b82ebd_43,Test,Student43,,2010-01-01,male,student43_b82ebd@example.com,,,272.0,active
1981,STU_b82ebd_44,Test,Student44,,2010-01-01,male,student44_b82ebd@example.com,,,272.0,active
1982,STU_b82ebd_45,Test,Student45,,2010-01-01,male,student45_b82ebd@example.com,,,272.0,active
1983,STU_b82ebd_46,Test,Student46,,2010-01-01,male,student46_b82ebd@example.com,,,272.0,active
1984,STU_b82ebd_47,Test,Student47,,2010-01-01,male,student47_b82ebd@example.com,,,272.0,active
1985,STU_b82ebd_48,Test,Student48,,2010-01-01,male,student48_b82ebd@example.com,,,272.0,active
1986,STU_b82ebd_49,Test,Student49,,2010-01-01,male,student49_b82ebd@example.com,,,272.0,active
1994,STU_TEST_087704,Test,Student,,2010-01-01,male,student_test_087704@example.com,,,,active
1988,STU2024001,John,Doe,,2010-05-15,male,john.doe@student.com,+1234567890,"123 Main St, City",277.0,active
1996,STU_93319c_0,Test,Student0,,2010-01-01,male,student0_93319c@example.com,,,293.0,active
1997,STU_93319c_1,Test,Student1,,2010-01-01,male,student1_93319c@example.com,,,293.0,active
1998,STU_93319c_2,Test,Student2,,2010-01-01,male,student2_93319c@example.com,,,293.0,active
1999,STU_93319c_3,Test,Student3,,2010-01-01,male,student3_93319c@example.com,,,293.0,active
2000,STU_93319c_4,Test,Student4,,2010-01-01,male,student4_93319c@example.com,,,293.0,active
2001,STU_93319c_5,Test,Student5,,2010-01-01,male,student5_93319c@example.com,,,293.0,active
2002,STU_93319c_6,Test,Student6,,2010-01-01,male,student6_93319c@example.com,,,293.0,active
2003,STU_93319c_7,Test,Student7,,2010-01-01,male,student7_93319c@example.com,,,293.0,active
2004,STU_93319c_8,Test,Student8,,2010-01-01,male,student8_93319c@example.com,,,293.0,active
2005,STU_93319c_9,Test,Student9,,2010-01-01,male,student9_93319c@example.com,,,293.0,active
2006,STU_93319c_10,Test,Student10,,2010-01-01,male,student10_93319c@example.com,,,293.0,active
2007,STU_93319c_11,Test,Student11,,2010-01-01,male,student11_93319c@example.com,,,293.0,active
2008,STU_93319c_12,Test,Student12,,2010-01-01,male,student12_93319c@example.com,,,293.0,active
2009,STU_93319c_13,Test,Student13,,2010-01-01,male,student13_93319c@example.com,,,293.0,active
2010,STU_93319c_14,Test,Student14,,2010-01-01,male,student14_93319c@example.com,,,293.0,active
2011,STU_93319c_15,Test,Student15,,2010-01-01,male,student15_93319c@example.com,,,293.0,active
2012,STU_93319c_16,Test,Student16,,2010-01-01,male,student16_93319c@example.com,,,293.0,active
2013,STU_93319c_17,Test,Student17,,2010-01-01,male,student17_93319c@example.com,,,293.0,active
2014,STU_93319c_18,Test,Student18,,2010-01-01,male,student18_93319c@example.com,,,293.0,active
2015,STU_93319c_19,Test,Student19,,2010-01-01,male,student19_93319c@example.com,,,293.0,active
2022,STU_93319c_26,Test,Student26,,2010-01-01,male,student26_93319c@example.com,,,293.0,active
2023,STU_93319c_27,Test,Student27,,2010-01-01,male,student27_93319c@example.com,,,293.0,active
2024,STU_93319c_28,Test,Student28,,2010-01-01,male,student28_93319c@example.com,,,293.0,active
2025,STU_93319c_29,Test,Student29,,2010-01-01,male,student29_93319c@example.com,,,293.0,active
2026,STU_93319c_30,Test,Student30,,2010-01-01,male,student30_93319c@example.com,,,293.0,active
2027,STU_93319c_31,Test,Student31,,2010-01-01,male,student31_93319c@example.com,,,293.0,active
2028,STU_93319c_32,Test,Student32,,2010-01-01,male,student32_93319c@example.com,,,293.0,active
2029,STU_93319c_33,Test,Student33,,2010-01-01,male,student33_93319c@example.com,,,293.0,active
2030,STU_93319c_34,Test,Student34,,2010-01-01,male,student34_93319c@example.com,,,293.0,active
2031,STU_93319c_35,Test,Student35,,2010-01-01,male,student35_93319c@example.com,,,293.0,active
2032,STU_93319c_36,Test,Student36,,2010-01-01,male,student36_93319c@example.com,,,293.0,active
2033,STU_93319c_37,Test,Student37,,2010-01-01,male,student37_93319c@example.com,,,293.0,active
2034,STU_93319c_38,Test,Student38,,2010-01-01,male,student38_93319c@example.com,,,293.0,active
2035,STU_93319c_39,Test,Student39,,2010-01-01,male,student39_93319c@example.com,,,293.0,active
2036,STU_93319c_40,Test,Student40,,2010-01-01,male,student40_93319c@example.com,,,293.0,active
2037,STU_93319c_41,Test,Student41,,2010-01-01,male,student41_93319c@example.com,,,293.0,active
2038,STU_93319c_42,Test,Student42,,2010-01-01,male,student42_93319c@example.com,,,293.0,active
2039,STU_93319c_43,Test,Student43,,2010-01-01,male,student43_93319c@example.com,,,293.0,active
2040,STU_93319c_44,Test,Student44,,2010-01-01,male,student44_93319c@example.com,,,293.0,active
2041,STU_93319c_45,Test,Student45,,2010-01-01,male,student45_93319c@example.com,,,293.0,active
2042,STU_93319c_46,Test,Student46,,2010-01-01,male,student46_93319c@example.com,,,293.0,active
2043,STU_93319c_47,Test,Student47,,2010-01-01,male,student47_93319c@example.com,,,293.0,active
2044,STU_93319c_48,Test,Student48,,2010-01-01,male,student48_93319c@example.com,,,293.0,active
2045,STU_93319c_49,Test,Student49,,2010-01-01,male,student49_93319c@example.com,,,293.0,active
2051,TEST001,Test,Student,,2010-01-01,f,test.student@example.com,,,327.0,active
1231,ADM2024,Sarah,Williams,,2009-11-07,Female,,,"206 Maple Road, Forestville",,active
1247,ADM2040,William,Miller,,2015-04-29,Male,,,"103 Cedar Lane, Riverdale",,active
1251,ADM2044,Andrew,Jackson,,2007-02-18,Male,,,"3065 Cedar Lane, Riverdale",,active
1255,ADM2048,Betty,Moore,,2015-07-18,Female,,,"6913 Oak Avenue, Riverdale",,active
1288,ADM2081,Carol,Martin,,2011-04-01,Female,,,"7684 Elm Boulevard, Forestville",,active
1313,ADM2106,Steven,Gonzalez,,2005-05-16,Male,,,"4508 Main St, Lakeside",,active
1383,ADM2176,Daniel,Wilson,,2010-11-11,Male,,,"660 Oak Avenue, Riverdale",,active
1426,ADM2219,Brian,Johnson,,2010-02-11,Male,,,"1349 Pine Street, Hillcrest",,active
1430,ADM2223,Thomas,Smith,,2015-12-06,Male,,,"9858 Maple Road, Riverdale",,active
1433,ADM2226,Paul,Martin,,2015-03-01,Male,,,"7056 Pine Street, Meadowbrook",,active
1462,ADM2255,Paul,Williams,,2012-02-09,Male,,,"3467 Maple Road, Hillcrest",,active
1477,ADM2270,Donna,Davis,,2005-08-29,Female,,,"6460 Cedar Lane, Springfield",,active
1480,ADM2273,Barbara,Smith,,2013-12-19,Female,,,"6223 Oak Avenue, Hillcrest",,active
1486,ADM2279,Donna,Martinez,,2011-11-30,Female,,,"111 Oak Avenue, Meadowbrook",,active
1487,ADM2280,Donald,Anderson,,2014-10-06,Male,,,"2927 Cedar Lane, Riverdale",,active
1502,ADM2295,Linda,Miller,,2006-09-24,Female,,,"1858 Main St, Springfield",,active
1274,ADM2067,Helen,Jackson,,2005-01-04,Female,,,"1268 Main St, Riverdale",,active
1321,ADM2114,William,Lopez,,2014-08-24,Male,,,"3677 Pine Street, Lakeside",,active
1360,ADM2153,Barbara,Taylor,,2013-07-20,Female,,,"6593 Cedar Lane, Lakeside",,active
1402,ADM2195,Lisa,Martinez,,2012-03-10,Female,,,"1346 Main St, Forestville",,active
